http://voyager.tcs.tulane.edu/vwebv/holdingsInfo?searchId=866&recCount=50&recPointer=50&bibId=2771636, 
http://voyager.tcs.tulane.edu/vwebv/holdingsInfo?searchId=866&recCount=50&recPointer=51&bibId=3414381, 
http://voyager.tcs.tulane.edu/vwebv/holdingsInfo?searchId=866&recCount=50&recPointer=52&bibId=1977093, 
http://voyager.tcs.tulane.edu/vwebv/holdingsInfo?searchId=866&recCount=50&recPointer=53&bibId=2584390, 
http://voyager.tcs.tulane.edu/vwebv/holdingsInfo?searchId=866&recCount=50&recPointer=54&bibId=2235084, 
http://voyager.tcs.tulane.edu/vwebv/holdingsInfo?searchId=866&recCount=50&recPointer=55&bibId=2249279, 
http://voyager.tcs.tulane.edu/vwebv/holdingsInfo?searchId=866&recCount=50&recPointer=56&bibId=2331603, 
http://voyager.tcs.tulane.edu/vwebv/holdingsInfo?searchId=866&recCount=50&recPointer=57&bibId=2405261, 
http://voyager.tcs.tulane.edu/vwebv/holdingsInfo?searchId=866&recCount=50&recPointer=58&bibId=3108436, 
http://voyager.tcs.tulane.edu/vwebv/holdingsInfo?searchId=866&recCount=50&recPointer=59&bibId=2858757, 
http://voyager.tcs.tulane.edu/vwebv/holdingsInfo?searchId=866&recCount=50&recPointer=60&bibId=2375015, 
http://voyager.tcs.tulane.edu/vwebv/holdingsInfo?searchId=866&recCount=50&recPointer=61&bibId=2207637, 
http://voyager.tcs.tulane.edu/vwebv/holdingsInfo?searchId=866&recCount=50&recPointer=62&bibId=2216642, 
http://voyager.tcs.tulane.edu/vwebv/holdingsInfo?searchId=866&recCount=50&recPointer=63&bibId=2530649, 
http://voyager.tcs.tulane.edu/vwebv/holdingsInfo?searchId=866&recCount=50&recPointer=64&bibId=2286626, 
http://voyager.tcs.tulane.edu/vwebv/holdingsInfo?searchId=866&recCount=50&recPointer=65&bibId=1064690, 
http://voyager.tcs.tulane.edu/vwebv/holdingsInfo?searchId=866&recCount=50&recPointer=66&bibId=3233572, 
http://voyager.tcs.tulane.edu/vwebv/holdingsInfo?searchId=866&recCount=50&recPointer=67&bibId=2311840, 
http://voyager.tcs.tulane.edu/vwebv/holdingsInfo?searchId=866&recCount=50&recPointer=68&bibId=3528777, 
http://voyager.tcs.tulane.edu/vwebv/holdingsInfo?searchId=866&recCount=50&recPointer=69&bibId=3528815, 
http://voyager.tcs.tulane.edu/vwebv/holdingsInfo?searchId=866&recCount=50&recPointer=70&bibId=2282890, 
http://voyager.tcs.tulane.edu/vwebv/holdingsInfo?searchId=866&recCount=50&recPointer=71&bibId=2858753, 
http://voyager.tcs.tulane.edu/vwebv/holdingsInfo?searchId=866&recCount=50&recPointer=72&bibId=2841329, 
http://voyager.tcs.tulane.edu/vwebv/holdingsInfo?searchId=866&recCount=50&recPointer=73&bibId=2285795, 
http://voyager.tcs.tulane.edu/vwebv/holdingsInfo?searchId=866&recCount=50&recPointer=74&bibId=2345104, 
http://voyager.tcs.tulane.edu/vwebv/holdingsInfo?searchId=866&recCount=50&recPointer=75&bibId=2285785, 
http://voyager.tcs.tulane.edu/vwebv/holdingsInfo?searchId=866&recCount=50&recPointer=76&bibId=936380, 
